,cafe,rating,review
0,baca canarisla,4.666666666666667,24
1,Moju Moju,4.888888888888889,54
2,Serujuk Coffe,4.8076923076923075,26
3,Solokopi,4.572649572649572,117
4,The Tower Space,4.546875,64
